ItemDate,Place,CalledNumber,FeatureUsed,CallType,Duration,Charge
11/11/2008 3:09:23 PM,Off-Net TXT Message,0276312488,TXT,FR,0,0.1700
11/11/2008 7:37:00 PM,Off-Net TXT Message,0273101587,TXT,FR,0,0.1700
11/12/2008 10:35:09 AM,Mobile Call,021576702,,TZ,60,0.0000
11/12/2008 12:38:04 PM,Off-Net TXT Message,0276312488,TXT,FR,0,0.1700
11/13/2008 11:47:15 AM,Off-Net TXT Message,0276312488,TXT,FR,0,0.1700
11/13/2008 12:49:35 PM,Off-Net TXT Message,0276312488,TXT,FR,0,0.1700
11/13/2008 2:39:04 PM,Off-Net TXT Message,0276312488,TXT,FR,0,0.1700
11/13/2008 6:20:25 PM,Off-Net TXT Message,0272328343,TXT,FR,0,0.1700
11/15/2008 8:10:33 AM,Toll Free,800800468,,FR,436,0.0000
11/17/2008 9:33:24 AM,On-Net TXT Message,021337406,TXT,FR,0,0.1700
11/17/2008 5:25:31 PM,Off-Net TXT Message,0274152552,TXT,FR,0,0.1700
11/18/2008 10:26:36 AM,Off-Net TXT Message,0276312488,TXT,FR,0,0.1700
11/18/2008 11:39:11 AM,On-Net TXT Message,021337406,TXT,FR,0,0.1700
11/18/2008 11:55:36 AM,On-Net TXT Message,021337406,TXT,FR,0,0.1700
11/18/2008 3:44:23 PM,Off-Net TXT Message,0276312488,TXT,FR,0,0.1700
11/18/2008 4:19:30 PM,Off-Net TXT Message,0276312488,TXT,FR,0,0.1700
11/18/2008 5:45:00 PM,Mobile Call,0210460494,,PK,60,0.3000
11/19/2008 11:51:34 AM,Off-Net TXT Message,0276362271,TXT,FR,0,0.1700
11/20/2008 10:29:27 AM,Off-Net TXT Message,0276312488,TXT,FR,0,0.1700
11/20/2008 10:31:18 AM,Off-Net TXT Message,0276312488,TXT,FR,0,0.1700
11/20/2008 11:41:39 AM,Off-Net TXT Message,0276312488,TXT,FR,0,0.1700
11/20/2008 2:54:24 PM,Off-Net TXT Message,0276312488,TXT,FR,0,0.1700
11/20/2008 4:24:56 PM,Off-Net TXT Message,0276312488,TXT,FR,0,0.1700
11/20/2008 6:52:24 PM,Cellular,0276362271,,PK,60,0.3000
11/20/2008 6:53:05 PM,Cellular,0272328343,,PK,60,0.3000
11/21/2008 1:00:43 PM,Off-Net TXT Message,0276312488,TXT,FR,0,0.1700
11/21/2008 1:33:32 PM,On-Net TXT Message,021337406,TXT,FR,0,0.1700
11/21/2008 3:25:08 PM,Off-Net TXT Message,0276312488,TXT,FR,0,0.1700
11/24/2008 9:51:52 AM,Off-Net TXT Message,0276312488,TXT,FR,0,0.1700
11/24/2008 9:52:46 AM,Off-Net TXT Message,0276312488,TXT,FR,0,0.1700
11/24/2008 11:23:54 AM,Off-Net TXT Message,0276312488,TXT,FR,0,0.1700
11/24/2008 11:25:16 AM,Off-Net TXT Message,0276312488,TXT,FR,0,0.1700
11/24/2008 11:45:44 AM,Off-Net TXT Message,0276312488,TXT,FR,0,0.1700
11/24/2008 11:54:07 AM,Off-Net TXT Message,0276312488,TXT,FR,0,0.1700
11/24/2008 12:32:49 PM,Off-Net TXT Message,0276312488,TXT,FR,0,0.1700
11/24/2008 12:45:18 PM,On-Net TXT Message,021337406,TXT,FR,0,0.1700
11/24/2008 2:39:57 PM,Off-Net TXT Message,0276312488,TXT,FR,0,0.1700
11/24/2008 10:04:36 PM,On-Net TXT Message,021337406,TXT,FR,0,0.1700
11/25/2008 2:28:12 PM,Off-Net TXT Message,0276312488,TXT,FR,0,0.1700
11/25/2008 5:26:41 PM,Off-Net TXT Message,0276312488,TXT,FR,0,0.1700
11/28/2008 11:49:39 AM,SMS Service. 710,710,TXT,FR,0,0.0000
11/28/2008 11:49:43 AM,SMS Service. 710,0212412959,INFO,FR,0,0.0000
11/28/2008 11:50:19 AM,SMS Service. 710,710,TXT,FR,0,0.0000
11/28/2008 11:50:28 AM,SMS Service. 710,0212412959,INFO,FR,0,0.0000
11/28/2008 11:50:47 AM,SMS Service. 710,710,TXT,FR,0,0.0000
11/28/2008 11:50:55 AM,SMS Service. 710,0212412959,INFO,FR,0,0.0000
11/28/2008 11:51:17 AM,SMS Service. 710,710,TXT,FR,0,0.0000
11/28/2008 11:51:25 AM,SMS Service. 710,0212412959,INFO,FR,0,0.0000
11/28/2008 11:51:41 AM,SMS Service. 710,710,TXT,FR,0,0.0000
11/28/2008 11:51:51 AM,SMS Service. 710,0212412959,INFO,FR,0,0.0000
11/28/2008 2:42:18 PM,Christchurch,033749004,,PK,293,0.3900
11/30/2008 10:04:21 AM,Off-Net TXT Message,0276312488,TXT,FR,0,0.1700
12/1/2008 10:41:37 AM,Off-Net TXT Message,0276312488,TXT,FR,0,0.1700
12/1/2008 11:33:57 AM,Off-Net TXT Message,0272328343,TXT,FR,0,0.1700
12/1/2008 1:36:55 PM,Text Service. 756,756,TXT,FR,0,0.0000
12/1/2008 1:36:56 PM,Text Service. 756,0212412959,INFO,FR,0,0.0000
12/1/2008 3:18:29 PM,Mobile Call,021576702,,TZ,60,0.0000
12/2/2008 3:42:50 PM,Off-Net TXT Message,0276312488,TXT,FR,0,0.1700
12/2/2008 3:58:53 PM,On-Net TXT Message,021576702,TXT,FR,0,0.1700
12/2/2008 4:57:22 PM,Off-Net TXT Message,0276312488,TXT,FR,0,0.1700
12/3/2008 8:26:05 AM,Cellular,0276312488,,PK,60,0.3000
12/3/2008 8:27:30 AM,Off-Net TXT Message,0276312488,TXT,FR,0,0.1700
12/3/2008 8:56:31 AM,Off-Net TXT Message,0276312488,TXT,FR,0,0.1700
12/3/2008 10:51:18 AM,Mobile Call,021576702,,TZ,60,0.0000
12/3/2008 2:51:30 PM,Cellular,0275220030,,PK,60,0.3000
12/4/2008 10:37:28 AM,Cellular,0275220030,,PK,60,0.3000
12/4/2008 11:24:20 AM,Off-Net TXT Message,0276312488,TXT,FR,0,0.1700
12/4/2008 11:55:12 AM,Mobile Call,021576702,,TZ,104,0.0000
12/5/2008 2:26:32 PM,Mobile Call,021459111,,TZ,287,0.0000
12/8/2008 5:26:21 PM,Off-Net TXT Message,0276312488,TXT,FR,0,0.1700
12/9/2008 1:24:01 PM,Mobile Call,021805412,CFNA,TZ,60,0.0000
12/9/2008 2:58:06 PM,Off-Net TXT Message,0276312488,TXT,FR,0,0.1700
12/9/2008 3:18:07 PM,Off-Net TXT Message,0276312488,TXT,FR,0,0.1700
12/10/2008 1:14:44 PM,Off-Net TXT Message,0276312488,TXT,FR,0,0.1700
12/10/2008 2:56:06 PM,Mobile Call,021576702,CFNA,TZ,60,0.0000
12/10/2008 4:32:39 PM,Mobile Call,021576702,,TZ,179,0.0000
